x,y,mismatch,aggr_count,aggr_addrs,iso_recent,iso_last,log
48,42,0,0,,- SEQ=6 OFF=9 ADDR=0x164e SIZE=1 VAL=99 PC=0x193a |   - SEQ=5 OFF=5 ADDR=0x164a SIZE=1 VAL=c6 PC=0x1918 |   - SEQ=4 OFF=9 ADDR=0x164e SIZE=1 VAL=20 PC=0x1911 |   - SEQ=3 OFF=10 ADDR=0x164f SIZE=1 VAL=61 PC=0x1903 |   - SEQ=2 OFF=10 ADDR=0x164f SIZE=1 VAL=51 PC=0x18ec |   - SEQ=1 OFF=0 ADDR=0x1645 SIZE=1 VAL=21 PC=0x18c4,- offset 0: SEQ=1 VAL=21 PC=0x18c4,tmp_logs/sweep_with_aggr/mode1/mode1_48_42.log
48,50,0,0,,- SEQ=6 OFF=9 ADDR=0x164e SIZE=1 VAL=99 PC=0x193a |   - SEQ=5 OFF=5 ADDR=0x164a SIZE=1 VAL=c6 PC=0x1918 |   - SEQ=4 OFF=9 ADDR=0x164e SIZE=1 VAL=20 PC=0x1911 |   - SEQ=3 OFF=10 ADDR=0x164f SIZE=1 VAL=61 PC=0x1903 |   - SEQ=2 OFF=10 ADDR=0x164f SIZE=1 VAL=51 PC=0x18ec |   - SEQ=1 OFF=0 ADDR=0x1645 SIZE=1 VAL=21 PC=0x18c4,- offset 0: SEQ=1 VAL=21 PC=0x18c4,tmp_logs/sweep_with_aggr/mode1/mode1_48_50.log
48,58,0,0,,- SEQ=6 OFF=9 ADDR=0x164e SIZE=1 VAL=99 PC=0x193a |   - SEQ=5 OFF=5 ADDR=0x164a SIZE=1 VAL=c6 PC=0x1918 |   - SEQ=4 OFF=9 ADDR=0x164e SIZE=1 VAL=20 PC=0x1911 |   - SEQ=3 OFF=10 ADDR=0x164f SIZE=1 VAL=61 PC=0x1903 |   - SEQ=2 OFF=10 ADDR=0x164f SIZE=1 VAL=51 PC=0x18ec |   - SEQ=1 OFF=0 ADDR=0x1645 SIZE=1 VAL=21 PC=0x18c4,- offset 0: SEQ=1 VAL=21 PC=0x18c4,tmp_logs/sweep_with_aggr/mode1/mode1_48_58.log
56,42,0,0,,- SEQ=6 OFF=9 ADDR=0x164e SIZE=1 VAL=99 PC=0x193a |   - SEQ=5 OFF=5 ADDR=0x164a SIZE=1 VAL=c6 PC=0x1918 |   - SEQ=4 OFF=9 ADDR=0x164e SIZE=1 VAL=20 PC=0x1911 |   - SEQ=3 OFF=10 ADDR=0x164f SIZE=1 VAL=61 PC=0x1903 |   - SEQ=2 OFF=10 ADDR=0x164f SIZE=1 VAL=51 PC=0x18ec |   - SEQ=1 OFF=0 ADDR=0x1645 SIZE=1 VAL=21 PC=0x18c4,- offset 0: SEQ=1 VAL=21 PC=0x18c4,tmp_logs/sweep_with_aggr/mode1/mode1_56_42.log
56,50,0,0,,- SEQ=7 OFF=11 ADDR=0x1650 SIZE=1 VAL=07 PC=0x166b |   - SEQ=6 OFF=9 ADDR=0x164e SIZE=1 VAL=99 PC=0x193a |   - SEQ=5 OFF=5 ADDR=0x164a SIZE=1 VAL=c6 PC=0x1918 |   - SEQ=4 OFF=9 ADDR=0x164e SIZE=1 VAL=20 PC=0x1911 |   - SEQ=3 OFF=10 ADDR=0x164f SIZE=1 VAL=61 PC=0x1903 |   - SEQ=2 OFF=10 ADDR=0x164f SIZE=1 VAL=51 PC=0x18ec |   - SEQ=1 OFF=0 ADDR=0x1645 SIZE=1 VAL=21 PC=0x18c4,- offset 0: SEQ=1 VAL=21 PC=0x18c4,tmp_logs/sweep_with_aggr/mode1/mode1_56_50.log
56,58,0,0,,- SEQ=7 OFF=11 ADDR=0x1650 SIZE=1 VAL=07 PC=0x166b |   - SEQ=6 OFF=9 ADDR=0x164e SIZE=1 VAL=99 PC=0x193a |   - SEQ=5 OFF=5 ADDR=0x164a SIZE=1 VAL=c6 PC=0x1918 |   - SEQ=4 OFF=9 ADDR=0x164e SIZE=1 VAL=20 PC=0x1911 |   - SEQ=3 OFF=10 ADDR=0x164f SIZE=1 VAL=61 PC=0x1903 |   - SEQ=2 OFF=10 ADDR=0x164f SIZE=1 VAL=51 PC=0x18ec |   - SEQ=1 OFF=0 ADDR=0x1645 SIZE=1 VAL=21 PC=0x18c4,- offset 0: SEQ=1 VAL=21 PC=0x18c4,tmp_logs/sweep_with_aggr/mode1/mode1_56_58.log
64,42,0,0,,- SEQ=13 OFF=9 ADDR=0x164e SIZE=1 VAL=99 PC=0x193a |   - SEQ=12 OFF=5 ADDR=0x164a SIZE=1 VAL=06 PC=0x1918 |   - SEQ=11 OFF=9 ADDR=0x164e SIZE=1 VAL=20 PC=0x1911 |   - SEQ=10 OFF=10 ADDR=0x164f SIZE=1 VAL=61 PC=0x1903 |   - SEQ=9 OFF=10 ADDR=0x164f SIZE=1 VAL=51 PC=0x18ec |   - SEQ=8 OFF=0 ADDR=0x1645 SIZE=1 VAL=21 PC=0x18c4 |   - SEQ=7 OFF=11 ADDR=0x1650 SIZE=1 VAL=05 PC=0x166b |   - SEQ=6 OFF=9 ADDR=0x164e SIZE=1 VAL=99 PC=0x193a |   - SEQ=5 OFF=5 ADDR=0x164a SIZE=1 VAL=06 PC=0x1918 |   - SEQ=4 OFF=9 ADDR=0x164e SIZE=1 VAL=20 PC=0x1911 |   - SEQ=3 OFF=10 ADDR=0x164f SIZE=1 VAL=61 PC=0x1903 |   - SEQ=2 OFF=10 ADDR=0x164f SIZE=1 VAL=51 PC=0x18ec |   - SEQ=1 OFF=0 ADDR=0x1645 SIZE=1 VAL=21 PC=0x18c4,- offset 0: SEQ=8 VAL=21 PC=0x18c4,tmp_logs/sweep_with_aggr/mode1/mode1_64_42.log
64,50,0,0,,- SEQ=6 OFF=9 ADDR=0x164e SIZE=1 VAL=99 PC=0x193a |   - SEQ=5 OFF=5 ADDR=0x164a SIZE=1 VAL=06 PC=0x1918 |   - SEQ=4 OFF=9 ADDR=0x164e SIZE=1 VAL=20 PC=0x1911 |   - SEQ=3 OFF=10 ADDR=0x164f SIZE=1 VAL=61 PC=0x1903 |   - SEQ=2 OFF=10 ADDR=0x164f SIZE=1 VAL=51 PC=0x18ec |   - SEQ=1 OFF=0 ADDR=0x1645 SIZE=1 VAL=21 PC=0x18c4,- offset 0: SEQ=1 VAL=21 PC=0x18c4,tmp_logs/sweep_with_aggr/mode1/mode1_64_50.log
64,58,0,0,,- SEQ=6 OFF=9 ADDR=0x164e SIZE=1 VAL=99 PC=0x193a |   - SEQ=5 OFF=5 ADDR=0x164a SIZE=1 VAL=06 PC=0x1918 |   - SEQ=4 OFF=9 ADDR=0x164e SIZE=1 VAL=20 PC=0x1911 |   - SEQ=3 OFF=10 ADDR=0x164f SIZE=1 VAL=61 PC=0x1903 |   - SEQ=2 OFF=10 ADDR=0x164f SIZE=1 VAL=51 PC=0x18ec |   - SEQ=1 OFF=0 ADDR=0x1645 SIZE=1 VAL=21 PC=0x18c4,- offset 0: SEQ=1 VAL=21 PC=0x18c4,tmp_logs/sweep_with_aggr/mode1/mode1_64_58.log
