log,isolated_pc,main_exec_present
tmp_logs/sweep_with_aggr/decision/mode1_48_42_inline_fix.log,0x193a,no
tmp_logs/sweep_with_aggr/decision/mode1_48_42_inline_fix.log,0x1918,no
tmp_logs/sweep_with_aggr/decision/mode1_48_42_inline_fix.log,0x1911,no
tmp_logs/sweep_with_aggr/decision/mode1_48_42_inline_fix.log,0x1903,no
tmp_logs/sweep_with_aggr/decision/mode1_48_42_inline_fix.log,0x18ec,no
tmp_logs/sweep_with_aggr/decision/mode1_48_42_inline_fix.log,0x18c4,no
tmp_logs/sweep_with_aggr/decision/mode1_48_42_inline_fix.log,0x18c4,no
tmp_logs/sweep_with_aggr/decision/mode1_48_50_inline_fix.log,0x193a,no
tmp_logs/sweep_with_aggr/decision/mode1_48_50_inline_fix.log,0x1918,no
tmp_logs/sweep_with_aggr/decision/mode1_48_50_inline_fix.log,0x1911,no
tmp_logs/sweep_with_aggr/decision/mode1_48_50_inline_fix.log,0x1903,no
tmp_logs/sweep_with_aggr/decision/mode1_48_50_inline_fix.log,0x18ec,no
tmp_logs/sweep_with_aggr/decision/mode1_48_50_inline_fix.log,0x18c4,no
tmp_logs/sweep_with_aggr/decision/mode1_48_50_inline_fix.log,0x18c4,no
tmp_logs/sweep_with_aggr/decision/mode1_48_58_inline_fix.log,0x193a,no
tmp_logs/sweep_with_aggr/decision/mode1_48_58_inline_fix.log,0x1918,no
tmp_logs/sweep_with_aggr/decision/mode1_48_58_inline_fix.log,0x1911,no
tmp_logs/sweep_with_aggr/decision/mode1_48_58_inline_fix.log,0x1903,no
tmp_logs/sweep_with_aggr/decision/mode1_48_58_inline_fix.log,0x18ec,no
tmp_logs/sweep_with_aggr/decision/mode1_48_58_inline_fix.log,0x18c4,no
tmp_logs/sweep_with_aggr/decision/mode1_48_58_inline_fix.log,0x18c4,no
tmp_logs/sweep_with_aggr/decision/mode1_56_42_inline_fix.log,0x193a,no
tmp_logs/sweep_with_aggr/decision/mode1_56_42_inline_fix.log,0x1918,no
tmp_logs/sweep_with_aggr/decision/mode1_56_42_inline_fix.log,0x1911,no
tmp_logs/sweep_with_aggr/decision/mode1_56_42_inline_fix.log,0x1903,no
tmp_logs/sweep_with_aggr/decision/mode1_56_42_inline_fix.log,0x18ec,no
tmp_logs/sweep_with_aggr/decision/mode1_56_42_inline_fix.log,0x18c4,no
tmp_logs/sweep_with_aggr/decision/mode1_56_42_inline_fix.log,0x18c4,no
tmp_logs/sweep_with_aggr/decision/mode1_56_50_inline_fix.log,0x166b,yes
tmp_logs/sweep_with_aggr/decision/mode1_56_50_inline_fix.log,0x193a,no
tmp_logs/sweep_with_aggr/decision/mode1_56_50_inline_fix.log,0x1918,no
tmp_logs/sweep_with_aggr/decision/mode1_56_50_inline_fix.log,0x1911,no
tmp_logs/sweep_with_aggr/decision/mode1_56_50_inline_fix.log,0x1903,no
tmp_logs/sweep_with_aggr/decision/mode1_56_50_inline_fix.log,0x18ec,no
tmp_logs/sweep_with_aggr/decision/mode1_56_50_inline_fix.log,0x18c4,no
tmp_logs/sweep_with_aggr/decision/mode1_56_50_inline_fix.log,0x18c4,no
tmp_logs/sweep_with_aggr/decision/mode1_56_58_inline_fix.log,0x166b,yes
tmp_logs/sweep_with_aggr/decision/mode1_56_58_inline_fix.log,0x193a,no
tmp_logs/sweep_with_aggr/decision/mode1_56_58_inline_fix.log,0x1918,no
tmp_logs/sweep_with_aggr/decision/mode1_56_58_inline_fix.log,0x1911,no
tmp_logs/sweep_with_aggr/decision/mode1_56_58_inline_fix.log,0x1903,no
tmp_logs/sweep_with_aggr/decision/mode1_56_58_inline_fix.log,0x18ec,no
tmp_logs/sweep_with_aggr/decision/mode1_56_58_inline_fix.log,0x18c4,no
tmp_logs/sweep_with_aggr/decision/mode1_56_58_inline_fix.log,0x18c4,no
tmp_logs/sweep_with_aggr/decision/mode1_64_42_inline_fix.log,0x193a,no
tmp_logs/sweep_with_aggr/decision/mode1_64_42_inline_fix.log,0x1918,no
tmp_logs/sweep_with_aggr/decision/mode1_64_42_inline_fix.log,0x1911,no
tmp_logs/sweep_with_aggr/decision/mode1_64_42_inline_fix.log,0x1903,no
tmp_logs/sweep_with_aggr/decision/mode1_64_42_inline_fix.log,0x18ec,no
tmp_logs/sweep_with_aggr/decision/mode1_64_42_inline_fix.log,0x18c4,no
tmp_logs/sweep_with_aggr/decision/mode1_64_42_inline_fix.log,0x166b,yes
tmp_logs/sweep_with_aggr/decision/mode1_64_42_inline_fix.log,0x193a,no
tmp_logs/sweep_with_aggr/decision/mode1_64_42_inline_fix.log,0x1918,no
tmp_logs/sweep_with_aggr/decision/mode1_64_42_inline_fix.log,0x1911,no
tmp_logs/sweep_with_aggr/decision/mode1_64_42_inline_fix.log,0x1903,no
tmp_logs/sweep_with_aggr/decision/mode1_64_42_inline_fix.log,0x18ec,no
tmp_logs/sweep_with_aggr/decision/mode1_64_42_inline_fix.log,0x18c4,no
tmp_logs/sweep_with_aggr/decision/mode1_64_42_inline_fix.log,0x18c4,no
tmp_logs/sweep_with_aggr/decision/mode1_64_50_inline_fix.log,0x193a,no
tmp_logs/sweep_with_aggr/decision/mode1_64_50_inline_fix.log,0x1918,no
tmp_logs/sweep_with_aggr/decision/mode1_64_50_inline_fix.log,0x1911,no
tmp_logs/sweep_with_aggr/decision/mode1_64_50_inline_fix.log,0x1903,no
tmp_logs/sweep_with_aggr/decision/mode1_64_50_inline_fix.log,0x18ec,no
tmp_logs/sweep_with_aggr/decision/mode1_64_50_inline_fix.log,0x18c4,no
tmp_logs/sweep_with_aggr/decision/mode1_64_50_inline_fix.log,0x18c4,no
tmp_logs/sweep_with_aggr/decision/mode1_64_58_inline_fix.log,0x193a,no
tmp_logs/sweep_with_aggr/decision/mode1_64_58_inline_fix.log,0x1918,no
tmp_logs/sweep_with_aggr/decision/mode1_64_58_inline_fix.log,0x1911,no
tmp_logs/sweep_with_aggr/decision/mode1_64_58_inline_fix.log,0x1903,no
tmp_logs/sweep_with_aggr/decision/mode1_64_58_inline_fix.log,0x18ec,no
tmp_logs/sweep_with_aggr/decision/mode1_64_58_inline_fix.log,0x18c4,no
tmp_logs/sweep_with_aggr/decision/mode1_64_58_inline_fix.log,0x18c4,no