log,isolated_pc,main_exec_present
tmp_logs/sweep_with_aggr/mode1/mode1_48_42.log,0x18c4,no
tmp_logs/sweep_with_aggr/mode1/mode1_48_42.log,0x1903,no
tmp_logs/sweep_with_aggr/mode1/mode1_48_42.log,0x1918,no
tmp_logs/sweep_with_aggr/mode1/mode1_48_42.log,0x193a,no
tmp_logs/sweep_with_aggr/mode1/mode1_48_50.log,0x18c4,no
tmp_logs/sweep_with_aggr/mode1/mode1_48_50.log,0x1903,no
tmp_logs/sweep_with_aggr/mode1/mode1_48_50.log,0x1918,no
tmp_logs/sweep_with_aggr/mode1/mode1_48_50.log,0x193a,no
tmp_logs/sweep_with_aggr/mode1/mode1_48_58.log,0x18c4,no
tmp_logs/sweep_with_aggr/mode1/mode1_48_58.log,0x1903,no
tmp_logs/sweep_with_aggr/mode1/mode1_48_58.log,0x1918,no
tmp_logs/sweep_with_aggr/mode1/mode1_48_58.log,0x193a,no
tmp_logs/sweep_with_aggr/mode1/mode1_56_42.log,0x18c4,no
tmp_logs/sweep_with_aggr/mode1/mode1_56_42.log,0x1903,no
tmp_logs/sweep_with_aggr/mode1/mode1_56_42.log,0x1918,no
tmp_logs/sweep_with_aggr/mode1/mode1_56_42.log,0x193a,no
tmp_logs/sweep_with_aggr/mode1/mode1_56_50.log,0x166b,yes
tmp_logs/sweep_with_aggr/mode1/mode1_56_50.log,0x18c4,no
tmp_logs/sweep_with_aggr/mode1/mode1_56_50.log,0x1903,no
tmp_logs/sweep_with_aggr/mode1/mode1_56_50.log,0x1918,no
tmp_logs/sweep_with_aggr/mode1/mode1_56_50.log,0x193a,no
tmp_logs/sweep_with_aggr/mode1/mode1_56_58.log,0x166b,yes
tmp_logs/sweep_with_aggr/mode1/mode1_56_58.log,0x18c4,no
tmp_logs/sweep_with_aggr/mode1/mode1_56_58.log,0x1903,no
tmp_logs/sweep_with_aggr/mode1/mode1_56_58.log,0x1918,no
tmp_logs/sweep_with_aggr/mode1/mode1_56_58.log,0x193a,no
tmp_logs/sweep_with_aggr/mode1/mode1_64_42.log,0x166b,yes
tmp_logs/sweep_with_aggr/mode1/mode1_64_42.log,0x18c4,no
tmp_logs/sweep_with_aggr/mode1/mode1_64_42.log,0x1903,no
tmp_logs/sweep_with_aggr/mode1/mode1_64_42.log,0x1918,no
tmp_logs/sweep_with_aggr/mode1/mode1_64_42.log,0x193a,no
tmp_logs/sweep_with_aggr/mode1/mode1_64_50.log,0x18c4,no
tmp_logs/sweep_with_aggr/mode1/mode1_64_50.log,0x1903,no
tmp_logs/sweep_with_aggr/mode1/mode1_64_50.log,0x1918,no
tmp_logs/sweep_with_aggr/mode1/mode1_64_50.log,0x193a,no
tmp_logs/sweep_with_aggr/mode1/mode1_64_58.log,0x18c4,no
tmp_logs/sweep_with_aggr/mode1/mode1_64_58.log,0x1903,no
tmp_logs/sweep_with_aggr/mode1/mode1_64_58.log,0x1918,no
tmp_logs/sweep_with_aggr/mode1/mode1_64_58.log,0x193a,no
